scrapedid,webid,companyid,job_title,career_level,year_experience_min,currency,salary_min,salary_max
9436,4,9173.0,Marketing Executive,Supervisor/Coordinator,1.0,IDR,4500000.0,6010000.0
9692,4,9429.0,Marketing Executive,Staff (non-management & non-supervisor),1.0,IDR,4500000.0,6010000.0
10242,4,9979.0,Marketing Executive,Supervisor/Coordinator,2.0,IDR,4500000.0,6010000.0
10385,4,10122.0,Marketing Executive,Staff (non-management & non-supervisor),1.0,IDR,4500000.0,6010000.0
30538,4,9409.0,Marketing Executive,Staff (non-management & non-supervisor),1.0,IDR,4500000.0,6010000.0
43249,4,10824.0,Marketing Executive,Supervisor/Coordinator,3.0,IDR,4500000.0,6010000.0
43408,4,10122.0,Marketing Executive,Staff (non-management & non-supervisor),1.0,IDR,4500000.0,6010000.0
55254,4,10495.0,Marketing Executive,Staff (non-management & non-supervisor),1.0,IDR,4500000.0,6010000.0
55366,4,9173.0,Marketing Executive,Supervisor/Coordinator,1.0,IDR,4500000.0,6010000.0
88293,4,37346.0,Marketing Executive,Supervisor/Coordinator,1.0,IDR,4500000.0,6010000.0
89038,4,10122.0,Marketing Executive,Staff (non-management & non-supervisor),1.0,IDR,4500000.0,6010000.0
91472,4,38691.0,Marketing Executive,Staff (non-management & non-supervisor),3.0,IDR,4500000.0,6010000.0
92004,4,10059.0,Marketing Executive,Staff (non-management & non-supervisor),2.0,IDR,4500000.0,6010000.0
92346,4,39082.0,Marketing Executive,Staff (non-management & non-supervisor),2.0,IDR,4500000.0,6010000.0
93747,4,39710.0,Marketing Executive,Staff (non-management & non-supervisor),1.0,IDR,4500000.0,6010000.0
109015,5,24470.0,Marketing Executive,Associate / Supervisor,2.0,IDR,4500000.0,8000000.0
111425,4,9429.0,Marketing Executive,Staff (non-management & non-supervisor),1.0,IDR,4500000.0,6010000.0
116369,4,49490.0,Marketing Executive,Staff (non-management & non-supervisor),2.0,IDR,5000000.0,6500000.0
132673,4,55329.0,Marketing Executive,Staff (non-management & non-supervisor),2.0,IDR,4500000.0,6010000.0
132835,4,11060.0,Marketing Executive,Supervisor/Coordinator,1.0,IDR,3000000.0,5000000.0
133278,4,10122.0,Marketing Executive,Staff (non-management & non-supervisor),3.0,IDR,4500000.0,6010000.0
133323,4,9173.0,Marketing Executive,Supervisor/Coordinator,1.0,IDR,4500000.0,6010000.0
139137,4,48411.0,Marketing Executive,Manager/Assistant Manager,3.0,IDR,4800000.0,6000000.0
140543,4,58340.0,Marketing Executive,Staff (non-management & non-supervisor),1.0,IDR,4000000.0,5000000.0
150746,4,22823.0,Marketing Executive,Staff (non-management & non-supervisor),1.0,IDR,4500000.0,6010000.0
152503,4,62329.0,Marketing Executive,Staff (non-management & non-supervisor),2.0,IDR,4600000.0,6000000.0
156308,4,63552.0,Marketing Executive,Staff (non-management & non-supervisor),2.0,IDR,5000000.0,6500000.0
157225,4,57741.0,Marketing Executive,Staff (non-management & non-supervisor),2.0,IDR,4500000.0,6010000.0
186515,4,48384.0,Marketing Executive,Staff (non-management & non-supervisor),2.0,IDR,4500000.0,6010000.0
198823,4,38266.0,Marketing Executive,Staff (non-management & non-supervisor),1.0,IDR,4500000.0,6010000.0
211120,4,48835.0,Marketing Executive,Manager/Assistant Manager,5.0,IDR,4500000.0,6010000.0
222963,4,9409.0,Marketing Executive,Staff (non-management & non-supervisor),1.0,IDR,4500000.0,6010000.0
225438,4,37358.0,Marketing Executive,Staff (non-management & non-supervisor),2.0,IDR,4500000.0,6010000.0
225449,4,10122.0,Marketing Executive,Staff (non-management & non-supervisor),2.0,IDR,4500000.0,6010000.0
239933,4,78774.0,Marketing Executive,Staff (non-management & non-supervisor),2.0,IDR,4500000.0,6010000.0
239936,4,9753.0,Marketing Executive,Staff (non-management & non-supervisor),3.0,IDR,4500000.0,6010000.0
282917,4,89475.0,Marketing Executive,Staff (non-management & non-supervisor),1.0,IDR,5000000.0,6000000.0
283898,4,9979.0,Marketing Executive,Supervisor/Coordinator,2.0,IDR,4500000.0,6010000.0
306212,4,66002.0,Marketing Executive,Supervisor/Coordinator,1.0,IDR,4500000.0,7000000.0
329532,4,9263.0,Marketing Executive,Supervisor/Coordinator,3.0,IDR,4500000.0,6010000.0
348813,4,38266.0,Marketing Executive,Staff (non-management & non-supervisor),1.0,IDR,4500000.0,6010000.0
350110,4,101090.0,Marketing Executive,Manager/Assistant Manager,2.0,IDR,4500000.0,5000000.0
350515,4,101193.0,Marketing Executive,Staff (non-management & non-supervisor),3.0,IDR,4500000.0,5500000.0
363575,4,103510.0,Marketing Executive,Supervisor/Coordinator,3.0,IDR,7000000.0,12000000.0
367874,4,104230.0,Marketing Executive,Staff (non-management & non-supervisor),3.0,IDR,4000000.0,6000000.0
369170,4,104426.0,Marketing Executive,Staff (non-management & non-supervisor),1.0,IDR,4500000.0,6010000.0
369446,4,104472.0,Marketing Executive,Staff (non-management & non-supervisor),2.0,IDR,4500000.0,6500000.0
369535,4,104490.0,Marketing Executive,Staff (non-management & non-supervisor),1.0,IDR,3000000.0,4000000.0
401061,4,10122.0,Marketing Executive,Staff (non-management & non-supervisor),2.0,IDR,4500000.0,6010000.0
401064,4,37408.0,Marketing Executive,Staff (non-management & non-supervisor),1.0,IDR,2000000.0,2500000.0
409307,4,18602.0,Marketing Executive,Staff (non-management & non-supervisor),5.0,IDR,4500000.0,6010000.0
414283,4,110940.0,Marketing Executive,Manager/Assistant Manager,1.0,IDR,4500000.0,6010000.0
420808,4,78331.0,Marketing Executive,Supervisor/Coordinator,3.0,IDR,4500000.0,6010000.0
421097,4,11240.0,Marketing Executive,Staff (non-management & non-supervisor),2.0,IDR,4500000.0,6010000.0
421209,4,112081.0,Marketing Executive,Staff (non-management & non-supervisor),1.0,IDR,4500000.0,6010000.0
424321,4,9237.0,Marketing Executive,Supervisor/Coordinator,4.0,IDR,8000000.0,9000000.0
441133,4,38819.0,Marketing Executive,Staff (non-management & non-supervisor),2.0,IDR,4500000.0,6010000.0
442356,4,38266.0,Marketing Executive,Staff (non-management & non-supervisor),1.0,IDR,4500000.0,6010000.0
453963,4,104490.0,Marketing Executive,Staff (non-management & non-supervisor),1.0,IDR,3000000.0,4000000.0
466034,4,23011.0,Marketing Executive,Staff (non-management & non-supervisor),2.0,IDR,4800000.0,7500000.0
466621,4,39710.0,Marketing Executive,Staff (non-management & non-supervisor),1.0,IDR,4500000.0,6010000.0
475993,4,119795.0,Marketing Executive,Manager/Assistant Manager,2.0,IDR,5580000.0,7812000.0
486050,4,10122.0,Marketing Executive,Staff (non-management & non-supervisor),2.0,IDR,4500000.0,6010000.0
521743,4,125969.0,Marketing Executive,Staff (non-management & non-supervisor),2.0,IDR,4500000.0,6010000.0
521752,4,38819.0,Marketing Executive,Staff (non-management & non-supervisor),2.0,IDR,4500000.0,6010000.0
525993,14,128319.0,Marketing Executive,Junior Executive,5.0,IDR,5000000.0,15000000.0
556124,4,112448.0,Marketing Executive,Supervisor/Coordinator,3.0,IDR,6000000.0,8000000.0
558623,4,39205.0,Marketing Executive,Supervisor/Coordinator,2.0,IDR,4500000.0,6010000.0
584112,4,18602.0,Marketing Executive,Staff (non-management & non-supervisor),5.0,IDR,4500000.0,6010000.0
589914,4,10122.0,Marketing Executive,Staff (non-management & non-supervisor),2.0,IDR,4500000.0,6010000.0
596518,4,143274.0,Marketing Executive,Supervisor/Coordinator,5.0,IDR,4500000.0,6010000.0
599916,4,143581.0,Marketing Executive,Staff (non-management & non-supervisor),1.0,IDR,4500000.0,6010000.0
611004,4,120830.0,Marketing Executive,Supervisor/Coordinator,5.0,IDR,4500000.0,6010000.0
615433,4,145565.0,Marketing Executive,Staff (non-management & non-supervisor),1.0,IDR,3000000.0,4200000.0
619236,4,146070.0,Marketing Executive,Supervisor/Coordinator,2.0,IDR,4500000.0,6010000.0
621302,4,38266.0,Marketing Executive,Staff (non-management & non-supervisor),1.0,IDR,4500000.0,6010000.0
628457,4,144009.0,Marketing Executive,Staff (non-management & non-supervisor),1.0,IDR,4500000.0,6010000.0
635234,4,9919.0,Marketing Executive,Staff (non-management & non-supervisor),2.0,IDR,4500000.0,6010000.0
638415,4,148129.0,Marketing Executive,Staff (non-management & non-supervisor),1.0,IDR,5000000.0,7000000.0
645549,4,148894.0,Marketing Executive,Staff (non-management & non-supervisor),2.0,IDR,4500000.0,6010000.0
650255,4,64080.0,Marketing Executive,Staff (non-management & non-supervisor),1.0,IDR,4500000.0,6010000.0
662612,4,150723.0,Marketing Executive,Staff (non-management & non-supervisor),2.0,IDR,4500000.0,6010000.0
665456,4,151104.0,Marketing Executive,Staff (non-management & non-supervisor),1.0,IDR,4500000.0,6010000.0
674211,4,145117.0,Marketing Executive,Staff (non-management & non-supervisor),3.0,IDR,4500000.0,6010000.0
674363,4,10085.0,Marketing Executive,Staff (non-management & non-supervisor),1.0,IDR,4500000.0,6010000.0
709801,4,10122.0,Marketing Executive,Staff (non-management & non-supervisor),2.0,IDR,4500000.0,6010000.0
712593,4,38266.0,Marketing Executive,Staff (non-management & non-supervisor),1.0,IDR,4500000.0,6010000.0
725279,4,9783.0,Marketing Executive,Staff (non-management & non-supervisor),3.0,IDR,8000000.0,12000000.0
729960,4,160581.0,Marketing Executive,Less than 1 year experience,2.0,IDR,3800000.0,4200000.0
737866,4,9409.0,Marketing Executive,Staff (non-management & non-supervisor),1.0,IDR,4500000.0,6010000.0
742787,4,148129.0,Marketing Executive,Staff (non-management & non-supervisor),1.0,IDR,5000000.0,7000000.0
743926,4,152540.0,Marketing Executive,Staff (non-management & non-supervisor),2.0,IDR,4500000.0,6010000.0
753815,4,113982.0,Marketing Executive,Staff (non-management & non-supervisor),1.0,IDR,4500000.0,6300000.0
757393,4,10559.0,Marketing Executive,Manager/Assistant Manager,2.0,IDR,4500000.0,6010000.0
757394,4,10085.0,Marketing Executive,Staff (non-management & non-supervisor),1.0,IDR,4500000.0,6010000.0
770229,4,149615.0,Marketing Executive,Supervisor/Coordinator,5.0,IDR,7500000.0,15000000.0
777256,4,167743.0,Marketing Executive,Staff (non-management & non-supervisor),2.0,IDR,4500000.0,6010000.0
778359,4,167908.0,Marketing Executive,Staff (non-management & non-supervisor),1.0,IDR,4500000.0,6010000.0
780053,4,48452.0,Marketing Executive,Staff (non-management & non-supervisor),3.0,IDR,4000000.0,5500000.0
780324,4,146110.0,Marketing Executive,Staff (non-management & non-supervisor),2.0,IDR,4500000.0,6010000.0
780328,4,168586.0,Marketing Executive,Staff (non-management & non-supervisor),2.0,IDR,4500000.0,6010000.0
780343,4,168591.0,Marketing Executive,Less than 1 year experience,1.0,IDR,4500000.0,6010000.0
780367,4,168602.0,Marketing Executive,Staff (non-management & non-supervisor),1.0,IDR,4500000.0,6010000.0
780409,4,168626.0,Marketing Executive,Staff (non-management & non-supervisor),1.0,IDR,3000000.0,4000000.0
780453,4,168640.0,Marketing Executive,Staff (non-management & non-supervisor),1.0,IDR,4200000.0,6000000.0
780580,4,168678.0,Marketing Executive,Staff (non-management & non-supervisor),2.0,IDR,4500000.0,6010000.0
780584,4,168681.0,Marketing Executive,Staff (non-management & non-supervisor),2.0,IDR,4000000.0,4500000.0
780636,4,168714.0,Marketing Executive,Staff (non-management & non-supervisor),1.0,IDR,4500000.0,6010000.0
780681,4,168730.0,Marketing Executive,Staff (non-management & non-supervisor),1.0,IDR,4500000.0,6010000.0
780860,4,168797.0,Marketing Executive,Staff (non-management & non-supervisor),2.0,IDR,4500000.0,6010000.0
780917,4,168816.0,Marketing Executive,Staff (non-management & non-supervisor),1.0,IDR,4500000.0,6010000.0
780946,4,168833.0,Marketing Executive,Less than 1 year experience,2.0,IDR,4500000.0,6010000.0
780983,4,20188.0,Marketing Executive,Staff (non-management & non-supervisor),1.0,IDR,4500000.0,6010000.0
781147,4,10127.0,Marketing Executive,Less than 1 year experience,2.0,IDR,2000000.0,4000000.0
781563,4,168999.0,Marketing Executive,Staff (non-management & non-supervisor),1.0,IDR,3200000.0,4400000.0
781807,4,169045.0,Marketing Executive,Staff (non-management & non-supervisor),1.0,IDR,3200000.0,3500000.0
781923,4,159476.0,Marketing Executive,Staff (non-management & non-supervisor),1.0,IDR,2000000.0,2250000.0
782310,4,169159.0,Marketing Executive,Staff (non-management & non-supervisor),2.0,IDR,5800000.0,6800000.0
782317,4,169162.0,Marketing Executive,Staff (non-management & non-supervisor),2.0,IDR,4500000.0,6010000.0
782384,4,169179.0,Marketing Executive,Staff (non-management & non-supervisor),1.0,IDR,5500000.0,6500000.0
782835,4,156514.0,Marketing Executive,Supervisor/Coordinator,2.0,IDR,4500000.0,6010000.0
782921,4,116113.0,Marketing Executive,Staff (non-management & non-supervisor),1.0,IDR,4500000.0,5500000.0
782926,4,38444.0,Marketing Executive,Supervisor/Coordinator,2.0,IDR,4500000.0,6010000.0
783059,4,58643.0,Marketing Executive,Staff (non-management & non-supervisor),3.0,IDR,4500000.0,6010000.0
783071,4,20016.0,Marketing Executive,Manager/Assistant Manager,1.0,IDR,4500000.0,6000000.0
783153,4,169407.0,Marketing Executive,Staff (non-management & non-supervisor),1.0,IDR,3500000.0,5000000.0
783193,4,169423.0,Marketing Executive,Staff (non-management & non-supervisor),3.0,IDR,5000000.0,8000000.0
783298,4,140823.0,Marketing Executive,Staff (non-management & non-supervisor),3.0,IDR,4500000.0,6010000.0
783422,4,169503.0,Marketing Executive,Less than 1 year experience,2.0,IDR,4500000.0,6010000.0
783489,4,169527.0,Marketing Executive,Staff (non-management & non-supervisor),1.0,IDR,4500000.0,6010000.0
783562,4,9446.0,Marketing Executive,Supervisor/Coordinator,4.0,IDR,4500000.0,6010000.0
783686,4,64399.0,Marketing Executive,Staff (non-management & non-supervisor),2.0,IDR,4500000.0,6010000.0
783727,4,169590.0,Marketing Executive,Staff (non-management & non-supervisor),1.0,IDR,4500000.0,6010000.0
783729,4,169592.0,Marketing Executive,Staff (non-management & non-supervisor),2.0,IDR,4500000.0,6010000.0
783730,4,169593.0,Marketing Executive,Staff (non-management & non-supervisor),1.0,IDR,4500000.0,6010000.0
783751,4,169598.0,Marketing Executive,Staff (non-management & non-supervisor),2.0,IDR,4500000.0,6010000.0
783756,4,169600.0,Marketing Executive,Staff (non-management & non-supervisor),1.0,IDR,3000000.0,4000000.0
783771,4,169607.0,Marketing Executive,Staff (non-management & non-supervisor),2.0,IDR,4500000.0,6010000.0
783831,4,169625.0,Marketing Executive,Supervisor/Coordinator,1.0,IDR,3000000.0,4200000.0
783836,4,169629.0,Marketing Executive,Staff (non-management & non-supervisor),2.0,IDR,4500000.0,6010000.0
783877,4,169647.0,Marketing Executive,Staff (non-management & non-supervisor),1.0,IDR,4500000.0,6010000.0
861199,4,182180.0,Marketing Executive,Staff (non-management & non-supervisor),2.0,IDR,3500000.0,4500000.0
863769,4,182885.0,Marketing Executive,Staff (non-management & non-supervisor),1.0,IDR,4500000.0,6010000.0
864477,4,183099.0,Marketing Executive,Staff (non-management & non-supervisor),2.0,IDR,4500000.0,6010000.0
864835,4,56175.0,Marketing Executive,Staff (non-management & non-supervisor),2.0,IDR,4500000.0,6010000.0
865130,4,104230.0,Marketing Executive,Staff (non-management & non-supervisor),3.0,IDR,4000000.0,6000000.0
865294,4,171192.0,Marketing Executive,Staff (non-management & non-supervisor),3.0,IDR,4500000.0,6010000.0
865371,4,64304.0,Marketing Executive,Staff (non-management & non-supervisor),1.0,IDR,4500000.0,6010000.0
867907,4,184197.0,Marketing Executive,Staff (non-management & non-supervisor),1.0,IDR,4500000.0,6010000.0
868067,4,39307.0,Marketing Executive,Staff (non-management & non-supervisor),1.0,IDR,4500000.0,6010000.0
868855,4,184520.0,Marketing Executive,Staff (non-management & non-supervisor),5.0,IDR,4500000.0,6010000.0
884441,4,192041.0,Marketing Executive,Staff (non-management & non-supervisor),2.0,IDR,4500000.0,6010000.0
884445,4,48882.0,Marketing Executive,Supervisor/Coordinator,1.0,IDR,4500000.0,6010000.0
902628,4,56091.0,Marketing Executive,Staff (non-management & non-supervisor),2.0,IDR,4900000.0,7500000.0
912322,4,37340.0,Marketing Executive,Staff (non-management & non-supervisor),1.0,IDR,4500000.0,6010000.0
912448,4,196640.0,Marketing Executive,Staff (non-management & non-supervisor),2.0,IDR,4500000.0,6010000.0
914031,4,9919.0,Marketing Executive,Staff (non-management & non-supervisor),2.0,IDR,4500000.0,6010000.0
915051,4,146190.0,Marketing Executive,Staff (non-management & non-supervisor),1.0,IDR,4500000.0,6010000.0
926262,4,38266.0,Marketing Executive,Staff (non-management & non-supervisor),1.0,IDR,4500000.0,6010000.0
929056,4,195583.0,Marketing Executive,Staff (non-management & non-supervisor),1.0,IDR,4500000.0,6010000.0
929387,4,199293.0,Marketing Executive,Staff (non-management & non-supervisor),2.0,IDR,4500000.0,6010000.0
929402,4,199295.0,Marketing Executive,Staff (non-management & non-supervisor),1.0,IDR,4500000.0,6010000.0
929404,4,199296.0,Marketing Executive,Staff (non-management & non-supervisor),1.0,IDR,4500000.0,6010000.0
929575,4,10776.0,Marketing Executive,Staff (non-management & non-supervisor),1.0,IDR,5000000.0,7000000.0
929776,4,17178.0,Marketing Executive,Supervisor/Coordinator,3.0,IDR,4500000.0,6010000.0
929821,4,199353.0,Marketing Executive,Staff (non-management & non-supervisor),1.0,IDR,4500000.0,6010000.0
929835,4,94566.0,Marketing Executive,Supervisor/Coordinator,3.0,IDR,5000000.0,8000000.0
929848,4,199360.0,Marketing Executive,Staff (non-management & non-supervisor),2.0,IDR,2138000.0,3600000.0
929939,4,199372.0,Marketing Executive,Staff (non-management & non-supervisor),1.0,IDR,5000000.0,8000000.0
929944,4,169503.0,Marketing Executive,Staff (non-management & non-supervisor),1.0,IDR,4500000.0,6010000.0
929951,4,9409.0,Marketing Executive,Staff (non-management & non-supervisor),1.0,IDR,4500000.0,5000000.0
929962,4,188367.0,Marketing Executive,Supervisor/Coordinator,3.0,IDR,4000000.0,8000000.0
929996,4,115432.0,Marketing Executive,Staff (non-management & non-supervisor),5.0,IDR,4500000.0,6010000.0
930070,4,199390.0,Marketing Executive,Staff (non-management & non-supervisor),2.0,IDR,4500000.0,6010000.0
930095,4,149061.0,Marketing Executive,Supervisor/Coordinator,1.0,IDR,5000000.0,6000000.0
1212757,4,199628.0,Marketing Executive,Supervisor/Coordinator,5.0,IDR,4500000.0,6010000.0
1212908,4,194803.0,Marketing Executive,Staff (non-management & non-supervisor),3.0,IDR,4500000.0,6010000.0
1220267,4,215729.0,Marketing Executive,Staff (non-management & non-supervisor),1.0,IDR,4500000.0,6010000.0
1220282,4,215742.0,Marketing Executive,Staff (non-management & non-supervisor),1.0,IDR,4500000.0,6010000.0
1220310,4,215764.0,Marketing Executive,Staff (non-management & non-supervisor),1.0,IDR,4500000.0,6010000.0
1220337,4,215771.0,Marketing Executive,Staff (non-management & non-supervisor),1.0,IDR,4500000.0,6010000.0
1220631,4,215865.0,Marketing Executive,Staff (non-management & non-supervisor),1.0,IDR,4500000.0,6010000.0
1223313,4,9979.0,Marketing Executive,Supervisor/Coordinator,2.0,IDR,4500000.0,6010000.0
1223470,4,24382.0,Marketing Executive,Supervisor/Coordinator,3.0,IDR,4500000.0,6010000.0
1224019,4,196640.0,Marketing Executive,Staff (non-management & non-supervisor),2.0,IDR,4500000.0,6010000.0
1224215,4,48835.0,Marketing Executive,Supervisor/Coordinator,2.0,IDR,4500000.0,6010000.0
1224745,4,183432.0,Marketing Executive,Staff (non-management & non-supervisor),1.0,IDR,4000000.0,6000000.0
1225853,4,9446.0,Marketing Executive,Supervisor/Coordinator,4.0,IDR,4500000.0,6010000.0
1226331,4,171971.0,Marketing Executive,Staff (non-management & non-supervisor),1.0,IDR,4750000.0,8750000.0
1226434,4,70541.0,Marketing Executive,Staff (non-management & non-supervisor),2.0,IDR,4500000.0,6010000.0
1226476,4,150731.0,Marketing Executive,Staff (non-management & non-supervisor),2.0,IDR,4500000.0,6010000.0
1226482,4,216843.0,Marketing Executive,Staff (non-management & non-supervisor),1.0,IDR,2000000.0,3900000.0
1226562,4,57463.0,Marketing Executive,Staff (non-management & non-supervisor),1.0,IDR,4500000.0,6010000.0
1226831,4,216889.0,Marketing Executive,Staff (non-management & non-supervisor),2.0,IDR,4000000.0,4500000.0
1227127,4,10085.0,Marketing Executive,Staff (non-management & non-supervisor),1.0,IDR,4500000.0,6010000.0
1227130,4,216932.0,Marketing Executive,Staff (non-management & non-supervisor),2.0,IDR,4500000.0,6010000.0
1227272,4,160716.0,Marketing Executive,Manager/Assistant Manager,2.0,IDR,4500000.0,6010000.0
1266352,4,172159.0,Marketing Executive,Staff (non-management & non-supervisor),1.0,IDR,4500000.0,6010000.0
1267659,4,69858.0,Marketing Executive,Staff (non-management & non-supervisor),2.0,IDR,4500000.0,6010000.0
1275005,4,160141.0,Marketing Executive,Staff (non-management & non-supervisor),1.0,IDR,4500000.0,6010000.0
1284404,4,222544.0,Marketing Executive,Staff (non-management & non-supervisor),1.0,IDR,4500000.0,6010000.0
1284586,4,222619.0,Marketing Executive,Staff (non-management & non-supervisor),1.0,IDR,4500000.0,6010000.0
1285464,4,223039.0,Marketing Executive,Staff (non-management & non-supervisor),1.0,IDR,3000000.0,5000000.0
1285541,4,223068.0,Marketing Executive,Staff (non-management & non-supervisor),2.0,IDR,4500000.0,6010000.0
1285816,4,223172.0,Marketing Executive,Less than 1 year experience,2.0,IDR,4500000.0,6010000.0
1286337,4,223335.0,Marketing Executive,Staff (non-management & non-supervisor),1.0,IDR,4500000.0,6010000.0
1287124,4,223542.0,Marketing Executive,Staff (non-management & non-supervisor),4.0,IDR,7500000.0,8000000.0
1288468,4,37340.0,Marketing Executive,Staff (non-management & non-supervisor),1.0,IDR,4500000.0,6010000.0
1300919,4,224871.0,Marketing Executive,Staff (non-management & non-supervisor),1.0,IDR,4500000.0,6010000.0
1301040,4,224924.0,Marketing Executive,Staff (non-management & non-supervisor),1.0,IDR,4500000.0,6010000.0
1301071,4,224935.0,Marketing Executive,Staff (non-management & non-supervisor),1.0,IDR,4500000.0,6010000.0
1301379,4,225066.0,Marketing Executive,Staff (non-management & non-supervisor),2.0,IDR,4500000.0,6010000.0
1302502,4,9287.0,Marketing Executive,Staff (non-management & non-supervisor),3.0,IDR,4500000.0,6010000.0
1302612,4,49490.0,Marketing Executive,Staff (non-management & non-supervisor),2.0,IDR,4500000.0,6010000.0
1302766,4,9902.0,Marketing Executive,Staff (non-management & non-supervisor),2.0,IDR,4500000.0,6010000.0
1313077,4,226462.0,Marketing Executive,Staff (non-management & non-supervisor),1.0,IDR,4500000.0,6010000.0
1313125,4,226490.0,Marketing Executive,Staff (non-management & non-supervisor),1.0,IDR,2300000.0,2450000.0
1313150,4,226502.0,Marketing Executive,Staff (non-management & non-supervisor),1.0,IDR,4500000.0,6010000.0
1313242,4,226545.0,Marketing Executive,Staff (non-management & non-supervisor),1.0,IDR,4500000.0,6010000.0
1314644,4,11337.0,Marketing Executive,Staff (non-management & non-supervisor),1.0,IDR,7000000.0,10000000.0
1315641,4,227251.0,Marketing Executive,Staff (non-management & non-supervisor),1.0,IDR,4500000.0,6010000.0
1317096,4,169756.0,Marketing Executive,Staff (non-management & non-supervisor),2.0,IDR,4500000.0,6010000.0
1317360,4,227463.0,Marketing Executive,Supervisor/Coordinator,2.0,IDR,4500000.0,6010000.0
1317401,4,9743.0,Marketing Executive,Staff (non-management & non-supervisor),3.0,IDR,4500000.0,6010000.0
1317573,4,227483.0,Marketing Executive,Staff (non-management & non-supervisor),2.0,IDR,2800000.0,5000000.0
1317914,4,171192.0,Marketing Executive,Staff (non-management & non-supervisor),3.0,IDR,4500000.0,6010000.0
1354843,4,230774.0,Marketing Executive,Less than 1 year experience,2.0,IDR,4000000.0,8000000.0
1354989,4,230836.0,Marketing Executive,Staff (non-management & non-supervisor),1.0,IDR,3000000.0,5000000.0
1356542,4,66742.0,Marketing Executive,Staff (non-management & non-supervisor),2.0,IDR,5500000.0,7700000.0
1356825,4,221463.0,Marketing Executive,Staff (non-management & non-supervisor),1.0,IDR,4500000.0,6010000.0
1356851,4,37305.0,Marketing Executive,Staff (non-management & non-supervisor),1.0,IDR,4500000.0,6010000.0
1358246,4,231663.0,Marketing Executive,Staff (non-management & non-supervisor),1.0,IDR,30000000.0,50000000.0
1374466,4,169179.0,Marketing Executive,Staff (non-management & non-supervisor),1.0,IDR,5500000.0,6500000.0
1375339,4,11257.0,Marketing Executive,Supervisor/Coordinator,3.0,IDR,4500000.0,6010000.0
1377188,4,233482.0,Marketing Executive,Staff (non-management & non-supervisor),2.0,IDR,4500000.0,6010000.0
1377248,4,233513.0,Marketing Executive,Staff (non-management & non-supervisor),2.0,IDR,4500000.0,6010000.0
1377510,4,233660.0,Marketing Executive,Staff (non-management & non-supervisor),2.0,IDR,4500000.0,6010000.0
1377595,4,233704.0,Marketing Executive,Staff (non-management & non-supervisor),2.0,IDR,4500000.0,6010000.0
1377709,4,233765.0,Marketing Executive,Staff (non-management & non-supervisor),1.0,IDR,4500000.0,6010000.0
1377776,4,233792.0,Marketing Executive,Staff (non-management & non-supervisor),2.0,IDR,4500000.0,6010000.0
1378164,4,233984.0,Marketing Executive,Staff (non-management & non-supervisor),2.0,IDR,4500000.0,6010000.0
1383986,4,235009.0,Marketing Executive,Less than 1 year experience,2.0,IDR,5000000.0,6500000.0
1385665,4,168678.0,Marketing Executive,Staff (non-management & non-supervisor),1.0,IDR,3200000.0,5000000.0
1385795,4,168797.0,Marketing Executive,Staff (non-management & non-supervisor),1.0,IDR,4500000.0,6010000.0
1386923,4,235833.0,Marketing Executive,Less than 1 year experience,1.0,IDR,4500000.0,6010000.0
1387351,4,122659.0,Marketing Executive,Staff (non-management & non-supervisor),1.0,IDR,4500000.0,6010000.0
1387627,4,235986.0,Marketing Executive,Less than 1 year experience,2.0,IDR,4500000.0,6010000.0
1390288,4,170185.0,Marketing Executive,Staff (non-management & non-supervisor),2.0,IDR,3500000.0,4900000.0
1391962,4,236791.0,Marketing Executive,Staff (non-management & non-supervisor),2.0,IDR,4500000.0,6010000.0
1392006,4,20482.0,Marketing Executive,Staff (non-management & non-supervisor),2.0,IDR,6500000.0,9100000.0
1393173,4,237035.0,Marketing Executive,Staff (non-management & non-supervisor),2.0,IDR,4500000.0,6010000.0
1393975,4,170044.0,Marketing Executive,Staff (non-management & non-supervisor),2.0,IDR,3000000.0,5500000.0
1394759,4,237365.0,Marketing Executive,Staff (non-management & non-supervisor),2.0,IDR,2000000.0,4000000.0
1395398,4,237509.0,Marketing Executive,Staff (non-management & non-supervisor),1.0,IDR,4500000.0,6010000.0
1396408,4,237724.0,Marketing Executive,Staff (non-management & non-supervisor),1.0,IDR,4500000.0,6010000.0
1398355,4,238118.0,Marketing Executive,Supervisor/Coordinator,1.0,IDR,4500000.0,6010000.0
1399273,4,141645.0,Marketing Executive,Staff (non-management & non-supervisor),1.0,IDR,4500000.0,6010000.0
1400909,4,238587.0,Marketing Executive,Less than 1 year experience,2.0,IDR,4500000.0,6010000.0
1401115,4,238617.0,Marketing Executive,Staff (non-management & non-supervisor),3.0,IDR,4500000.0,6010000.0
1403142,4,238998.0,Marketing Executive,Staff (non-management & non-supervisor),1.0,IDR,4500000.0,6010000.0
1403730,4,239119.0,Marketing Executive,Staff (non-management & non-supervisor),1.0,IDR,4500000.0,6010000.0
1404158,4,10469.0,Marketing Executive,Supervisor/Coordinator,3.0,IDR,14000000.0,19600000.0
1404810,4,239315.0,Marketing Executive,Staff (non-management & non-supervisor),1.0,IDR,4500000.0,6010000.0
1405037,4,9409.0,Marketing Executive,Staff (non-management & non-supervisor),1.0,IDR,4500000.0,5000000.0
1405778,4,38814.0,Marketing Executive,Less than 1 year experience,1.0,IDR,4500000.0,6010000.0
1408241,4,239892.0,Marketing Executive,Staff (non-management & non-supervisor),1.0,IDR,4500000.0,6010000.0
1408700,4,226452.0,Marketing Executive,Supervisor/Coordinator,3.0,IDR,4500000.0,6010000.0
1409877,4,48452.0,Marketing Executive,Staff (non-management & non-supervisor),3.0,IDR,4500000.0,6000000.0
1410433,4,10085.0,Marketing Executive,Staff (non-management & non-supervisor),1.0,IDR,4500000.0,6010000.0
1411497,4,108790.0,Marketing Executive,Staff (non-management & non-supervisor),2.0,IDR,3200000.0,4480000.0
1411966,4,240483.0,Marketing Executive,Less than 1 year experience,2.0,IDR,4500000.0,6300000.0
1412661,4,38444.0,Marketing Executive,Supervisor/Coordinator,2.0,IDR,4500000.0,6010000.0
1414800,4,38266.0,Marketing Executive,Staff (non-management & non-supervisor),1.0,IDR,4500000.0,6010000.0
1415594,4,241028.0,Marketing Executive,Staff (non-management & non-supervisor),2.0,IDR,4500000.0,6010000.0
1415732,4,149615.0,Marketing Executive,Supervisor/Coordinator,5.0,IDR,7500000.0,15000000.0
1418761,4,241534.0,Marketing Executive,Staff (non-management & non-supervisor),1.0,IDR,4500000.0,6010000.0
1419642,4,241627.0,Marketing Executive,Staff (non-management & non-supervisor),1.0,IDR,4500000.0,6010000.0
1502612,4,74636.0,Marketing Executive,Staff (non-management & non-supervisor),2.0,IDR,4000000.0,5000000.0
1503092,4,248999.0,Marketing Executive,Staff (non-management & non-supervisor),1.0,IDR,4500000.0,6010000.0
1504540,4,249305.0,Marketing Executive,Staff (non-management & non-supervisor),2.0,IDR,4500000.0,6010000.0
1505076,4,199628.0,Marketing Executive,Supervisor/Coordinator,5.0,IDR,4500000.0,6010000.0
1505799,4,249702.0,Marketing Executive,Staff (non-management & non-supervisor),1.0,IDR,4500000.0,6010000.0
1506364,4,249944.0,Marketing Executive,Staff (non-management & non-supervisor),1.0,IDR,4500000.0,6010000.0
1507029,4,250231.0,Marketing Executive,Staff (non-management & non-supervisor),1.0,IDR,4500000.0,6010000.0
1507859,4,250617.0,Marketing Executive,Staff (non-management & non-supervisor),1.0,IDR,4500000.0,6010000.0
1507860,4,250618.0,Marketing Executive,Staff (non-management & non-supervisor),1.0,IDR,4500000.0,6010000.0
1513523,4,199293.0,Marketing Executive,Staff (non-management & non-supervisor),2.0,IDR,4500000.0,6010000.0
1515067,4,148894.0,Marketing Executive,Staff (non-management & non-supervisor),2.0,IDR,4500000.0,6010000.0
1516121,4,252107.0,Marketing Executive,Staff (non-management & non-supervisor),1.0,IDR,4500000.0,6010000.0
1516340,4,252148.0,Marketing Executive,Staff (non-management & non-supervisor),2.0,IDR,4500000.0,6010000.0
1516762,4,252206.0,Marketing Executive,Staff (non-management & non-supervisor),5.0,IDR,4500000.0,6010000.0
1518459,4,252431.0,Marketing Executive,Staff (non-management & non-supervisor),1.0,IDR,4500000.0,6010000.0
1520549,4,252740.0,Marketing Executive,Staff (non-management & non-supervisor),2.0,IDR,4500000.0,6010000.0
1521525,4,252884.0,Marketing Executive,Staff (non-management & non-supervisor),1.0,IDR,4500000.0,6010000.0
1522341,4,150101.0,Marketing Executive,Staff (non-management & non-supervisor),2.0,IDR,5000000.0,6000000.0
1522788,4,253104.0,Marketing Executive,Staff (non-management & non-supervisor),5.0,IDR,3000000.0,4200000.0
1525616,4,145117.0,Marketing Executive,Staff (non-management & non-supervisor),3.0,IDR,4500000.0,6010000.0
1529440,4,37340.0,Marketing Executive,Staff (non-management & non-supervisor),1.0,IDR,4500000.0,6010000.0
1639200,4,48835.0,Marketing Executive,Supervisor/Coordinator,2.0,IDR,4500000.0,6010000.0
1639617,4,261304.0,Marketing Executive,Staff (non-management & non-supervisor),2.0,IDR,8000000.0,10000000.0
1641501,4,261778.0,Marketing Executive,Staff (non-management & non-supervisor),2.0,IDR,4500000.0,6010000.0
1641925,4,261913.0,Marketing Executive,Staff (non-management & non-supervisor),1.0,IDR,4500000.0,6010000.0
1642183,4,9791.0,Marketing Executive,Staff (non-management & non-supervisor),1.0,IDR,4500000.0,6010000.0
1643102,4,262262.0,Marketing Executive,Staff (non-management & non-supervisor),3.0,IDR,4500000.0,6010000.0
1643802,4,57295.0,Marketing Executive,Supervisor/Coordinator,3.0,IDR,6000000.0,8500000.0
1643825,4,262534.0,Marketing Executive,Staff (non-management & non-supervisor),2.0,IDR,5500000.0,6000000.0
1666947,4,150655.0,Marketing Executive,Staff (non-management & non-supervisor),1.0,IDR,4500000.0,6010000.0
1667654,4,263907.0,Marketing Executive,Staff (non-management & non-supervisor),1.0,IDR,4500000.0,6010000.0
1674528,4,69858.0,Marketing Executive,Staff (non-management & non-supervisor),2.0,IDR,4500000.0,6010000.0
1674863,4,196640.0,Marketing Executive,Staff (non-management & non-supervisor),2.0,IDR,4500000.0,6010000.0
1677348,4,264865.0,Marketing Executive,Less than 1 year experience,1.0,IDR,4000000.0,5600000.0
1695034,4,183416.0,Marketing Executive,Staff (non-management & non-supervisor),3.0,IDR,5000000.0,10000000.0
1696099,4,140046.0,Marketing Executive,Staff (non-management & non-supervisor),1.0,IDR,4500000.0,6010000.0
1696260,4,10447.0,Marketing Executive,Less than 1 year experience,1.0,IDR,3000000.0,5000000.0
1696569,4,151104.0,Marketing Executive,Staff (non-management & non-supervisor),1.0,IDR,4500000.0,6010000.0
1714008,4,63806.0,Marketing Executive,Staff (non-management & non-supervisor),3.0,IDR,4500000.0,6010000.0
1716330,4,267522.0,Marketing Executive,Staff (non-management & non-supervisor),1.0,IDR,4500000.0,6010000.0
1716977,4,191040.0,Marketing Executive,Staff (non-management & non-supervisor),3.0,IDR,4400000.0,5000000.0
1717261,4,267903.0,Marketing Executive,Staff (non-management & non-supervisor),1.0,IDR,4500000.0,6010000.0
1718234,4,268261.0,Marketing Executive,Less than 1 year experience,1.0,IDR,3500000.0,4900000.0
1718797,4,70541.0,Marketing Executive,Staff (non-management & non-supervisor),2.0,IDR,4500000.0,6010000.0
1719787,4,122659.0,Marketing Executive,Staff (non-management & non-supervisor),1.0,IDR,4500000.0,6010000.0
1739815,4,113115.0,Marketing Executive,Staff (non-management & non-supervisor),3.0,IDR,4500000.0,6010000.0
1740762,4,47199.0,Marketing Executive,Staff (non-management & non-supervisor),1.0,IDR,4500000.0,6010000.0
1742960,4,272115.0,Marketing Executive,Staff (non-management & non-supervisor),1.0,IDR,4500000.0,6010000.0
1746597,4,140823.0,Marketing Executive,Less than 1 year experience,1.0,IDR,4500000.0,6010000.0
1746952,4,11337.0,Marketing Executive,Staff (non-management & non-supervisor),1.0,IDR,7000000.0,10000000.0
1748759,4,115432.0,Marketing Executive,Staff (non-management & non-supervisor),5.0,IDR,4500000.0,6010000.0
1753709,4,9409.0,Marketing Executive,Staff (non-management & non-supervisor),1.0,IDR,4500000.0,5000000.0
1755521,4,10085.0,Marketing Executive,Staff (non-management & non-supervisor),1.0,IDR,4500000.0,6010000.0
1808247,4,24382.0,Marketing Executive,Supervisor/Coordinator,3.0,IDR,4500000.0,6010000.0
1809126,4,108968.0,Marketing Executive,Staff (non-management & non-supervisor),1.0,IDR,4500000.0,6010000.0
1810371,4,278098.0,Marketing Executive,Staff (non-management & non-supervisor),1.0,IDR,4500000.0,6010000.0
1810629,4,155809.0,Marketing Executive,Staff (non-management & non-supervisor),2.0,IDR,4500000.0,6010000.0
1829784,4,279629.0,Marketing Executive,Staff (non-management & non-supervisor),2.0,IDR,4500000.0,6010000.0
1831371,4,240483.0,Marketing Executive,Less than 1 year experience,2.0,IDR,4500000.0,6300000.0
1831613,4,169413.0,Marketing Executive,Staff (non-management & non-supervisor),2.0,IDR,4500000.0,7000000.0
1843720,4,171971.0,Marketing Executive,Staff (non-management & non-supervisor),1.0,IDR,4750000.0,8750000.0
1844875,4,195061.0,Marketing Executive,Less than 1 year experience,1.0,IDR,7000000.0,10000000.0
1845725,4,281101.0,Marketing Executive,Staff (non-management & non-supervisor),2.0,IDR,4500000.0,6010000.0
1845886,4,281140.0,Marketing Executive,Staff (non-management & non-supervisor),1.0,IDR,4500000.0,6010000.0
1846350,4,281298.0,Marketing Executive,Staff (non-management & non-supervisor),2.0,IDR,4500000.0,6010000.0
1846726,4,281433.0,Marketing Executive,Staff (non-management & non-supervisor),1.0,IDR,4500000.0,6010000.0
1846958,4,118394.0,Marketing Executive,Supervisor/Coordinator,3.0,IDR,6000000.0,12000000.0
1847024,4,188367.0,Marketing Executive,Supervisor/Coordinator,3.0,IDR,4000000.0,8000000.0
1893159,4,9191.0,Marketing Executive,Staff (non-management & non-supervisor),2.0,IDR,4500000.0,6010000.0
1893687,4,141645.0,Marketing Executive,Staff (non-management & non-supervisor),1.0,IDR,4500000.0,6010000.0
1894059,4,226638.0,Marketing Executive,Staff (non-management & non-supervisor),1.0,IDR,4500000.0,6010000.0
1894900,4,292040.0,Marketing Executive,Less than 1 year experience,1.0,IDR,1800000.0,2000000.0
1894979,4,38266.0,Marketing Executive,Staff (non-management & non-supervisor),1.0,IDR,4500000.0,6010000.0
1896778,4,292989.0,Marketing Executive,Staff (non-management & non-supervisor),2.0,IDR,4500000.0,6010000.0
1897269,4,293146.0,Marketing Executive,Staff (non-management & non-supervisor),2.0,IDR,4500000.0,6010000.0
1898196,4,292335.0,Marketing Executive,Staff (non-management & non-supervisor),2.0,IDR,4500000.0,6010000.0
1931252,4,57295.0,Marketing Executive,Supervisor/Coordinator,2.0,IDR,7000000.0,9000000.0
1931806,4,222352.0,Marketing Executive,Staff (non-management & non-supervisor),2.0,IDR,4500000.0,6010000.0
1932798,4,296828.0,Marketing Executive,Staff (non-management & non-supervisor),2.0,IDR,4500000.0,6010000.0
1933014,4,296928.0,Marketing Executive,Staff (non-management & non-supervisor),1.0,IDR,4500000.0,6010000.0
1968892,4,148894.0,Marketing Executive,Staff (non-management & non-supervisor),2.0,IDR,4500000.0,6010000.0
1975951,4,300641.0,Marketing Executive,Staff (non-management & non-supervisor),1.0,IDR,4500000.0,6010000.0
1975961,4,39710.0,Marketing Executive,Staff (non-management & non-supervisor),1.0,IDR,5000000.0,7000000.0
1977119,4,250694.0,Marketing Executive,Staff (non-management & non-supervisor),1.0,IDR,4500000.0,6010000.0
1977424,4,301249.0,Marketing Executive,Staff (non-management & non-supervisor),1.0,IDR,4500000.0,6010000.0
1978227,4,301460.0,Marketing Executive,Staff (non-management & non-supervisor),2.0,IDR,4500000.0,6010000.0
1978401,4,17085.0,Marketing Executive,Staff (non-management & non-supervisor),1.0,IDR,4500000.0,6010000.0
1996295,4,235834.0,Marketing Executive,Staff (non-management & non-supervisor),1.0,IDR,3500000.0,4900000.0
1997919,4,157678.0,Marketing Executive,Staff (non-management & non-supervisor),3.0,IDR,4500000.0,6010000.0
2000390,4,200554.0,Marketing Executive,Staff (non-management & non-supervisor),1.0,IDR,4500000.0,6010000.0
2017655,4,70541.0,Marketing Executive,Staff (non-management & non-supervisor),2.0,IDR,4500000.0,6010000.0
2018565,4,172920.0,Marketing Executive,Less than 1 year experience,2.0,IDR,4000000.0,8000000.0
2030828,4,95324.0,Marketing Executive,Supervisor/Coordinator,3.0,IDR,5000000.0,7000000.0
2031500,4,306556.0,Marketing Executive,Staff (non-management & non-supervisor),1.0,IDR,4500000.0,6010000.0
2032080,4,199720.0,Marketing Executive,Staff (non-management & non-supervisor),2.0,IDR,4500000.0,6010000.0
2032135,4,169038.0,Marketing Executive,Staff (non-management & non-supervisor),2.0,IDR,2400000.0,2700000.0
2032392,4,23935.0,Marketing Executive,Supervisor/Coordinator,2.0,IDR,6000000.0,9000000.0
2042670,4,307383.0,Marketing Executive,Supervisor/Coordinator,2.0,IDR,5000000.0,7000000.0
2043206,4,307543.0,Marketing Executive,Staff (non-management & non-supervisor),1.0,IDR,4500000.0,6010000.0
2044475,4,307999.0,Marketing Executive,Staff (non-management & non-supervisor),2.0,IDR,4500000.0,6010000.0
2044663,4,149615.0,Marketing Executive,Supervisor/Coordinator,5.0,IDR,7500000.0,15000000.0
2058058,4,273615.0,Marketing Executive,Staff (non-management & non-supervisor),1.0,IDR,4500000.0,6010000.0
2087392,4,10085.0,Marketing Executive,Staff (non-management & non-supervisor),1.0,IDR,4500000.0,6010000.0
2087764,4,140823.0,Marketing Executive,Less than 1 year experience,1.0,IDR,4500000.0,6010000.0
2101060,4,191040.0,Marketing Executive,Staff (non-management & non-supervisor),2.0,IDR,4400000.0,5000000.0
2102775,4,312698.0,Marketing Executive,Staff (non-management & non-supervisor),2.0,IDR,4500000.0,6010000.0
2104040,4,56175.0,Marketing Executive,Staff (non-management & non-supervisor),2.0,IDR,4500000.0,6010000.0
2104655,4,313014.0,Marketing Executive,Less than 1 year experience,2.0,IDR,4000000.0,7000000.0
2121553,4,10127.0,Marketing Executive,Less than 1 year experience,2.0,IDR,2000000.0,4000000.0
2123404,4,314687.0,Marketing Executive,Staff (non-management & non-supervisor),1.0,IDR,4500000.0,6010000.0
2139942,4,169413.0,Marketing Executive,Staff (non-management & non-supervisor),1.0,IDR,5000000.0,7000000.0
2152361,4,24382.0,Marketing Executive,Staff (non-management & non-supervisor),2.0,IDR,4500000.0,6010000.0
2153499,4,169503.0,Marketing Executive,Staff (non-management & non-supervisor),1.0,IDR,4500000.0,6010000.0
2172355,4,9409.0,Marketing Executive,Staff (non-management & non-supervisor),1.0,IDR,4500000.0,5000000.0
2172528,4,225310.0,Marketing Executive,Supervisor/Coordinator,1.0,IDR,4500000.0,6000000.0
2173590,4,124044.0,Marketing Executive,Staff (non-management & non-supervisor),1.0,IDR,4500000.0,6010000.0
2176646,4,57295.0,Marketing Executive,Staff (non-management & non-supervisor),3.0,IDR,8000000.0,10000000.0
2205961,4,122659.0,Marketing Executive,Staff (non-management & non-supervisor),1.0,IDR,4500000.0,6010000.0
2206154,4,9979.0,Marketing Executive,Supervisor/Coordinator,2.0,IDR,4500000.0,6010000.0
2206562,4,322450.0,Marketing Executive,Staff (non-management & non-supervisor),2.0,IDR,5000000.0,7500000.0
2207340,4,322696.0,Marketing Executive,Less than 1 year experience,2.0,IDR,4500000.0,6010000.0
2208872,4,39208.0,Marketing Executive,Staff (non-management & non-supervisor),1.0,IDR,4500000.0,6010000.0
2209110,4,57779.0,Marketing Executive,Staff (non-management & non-supervisor),2.0,IDR,5000000.0,7000000.0
2211229,4,220244.0,Marketing Executive,Staff (non-management & non-supervisor),2.0,IDR,6000000.0,7000000.0
2235615,4,9485.0,Marketing Executive,Staff (non-management & non-supervisor),1.0,IDR,4000000.0,5000000.0
2236376,4,325584.0,Marketing Executive,Staff (non-management & non-supervisor),1.0,IDR,2500000.0,5000000.0
2238755,4,10681.0,Marketing Executive,Staff (non-management & non-supervisor),1.0,IDR,5000000.0,7000000.0
2241864,4,162531.0,Marketing Executive,Staff (non-management & non-supervisor),1.0,IDR,4902000.0,6500000.0
2242634,4,108899.0,Marketing Executive,Staff (non-management & non-supervisor),1.0,IDR,4500000.0,6010000.0
2242926,4,10686.0,Marketing Executive,Staff (non-management & non-supervisor),1.0,IDR,4500000.0,6010000.0
2244057,4,48284.0,Marketing Executive,Less than 1 year experience,2.0,IDR,1960000.0,2500000.0
2300432,4,195061.0,Marketing Executive,Less than 1 year experience,2.0,IDR,4500000.0,6000000.0
2300766,4,9191.0,Marketing Executive,Staff (non-management & non-supervisor),2.0,IDR,4500000.0,6010000.0
2301322,4,328901.0,Marketing Executive,Supervisor/Coordinator,2.0,IDR,4500000.0,6010000.0
2304525,4,329297.0,Marketing Executive,Staff (non-management & non-supervisor),2.0,IDR,4500000.0,6010000.0
2327187,4,317220.0,Marketing Executive,Supervisor/Coordinator,2.0,IDR,20000000.0,28000000.0
2344090,4,182416.0,Marketing Executive,Staff (non-management & non-supervisor),1.0,IDR,4500000.0,6010000.0
2345434,4,11038.0,Marketing Executive,Staff (non-management & non-supervisor),2.0,IDR,4500000.0,6010000.0
2346178,4,185678.0,Marketing Executive,Staff (non-management & non-supervisor),2.0,IDR,4500000.0,6010000.0
2466621,4,94764.0,Marketing Executive,Staff (non-management & non-supervisor),1.0,IDR,10000000.0,14000000.0
2468042,4,337196.0,Marketing Executive,Staff (non-management & non-supervisor),1.0,IDR,5000000.0,10000000.0
2470152,4,140046.0,Marketing Executive,Staff (non-management & non-supervisor),1.0,IDR,4300000.0,6020000.0
2470257,4,334452.0,Marketing Executive,Staff (non-management & non-supervisor),1.0,IDR,4500000.0,6010000.0
2470396,4,226452.0,Marketing Executive,Staff (non-management & non-supervisor),2.0,IDR,4500000.0,6010000.0
2470568,4,334815.0,Marketing Executive,Staff (non-management & non-supervisor),2.0,IDR,4500000.0,6010000.0
2470892,4,334987.0,Marketing Executive,Staff (non-management & non-supervisor),1.0,IDR,4500000.0,6010000.0
2471988,4,334917.0,Marketing Executive,Staff (non-management & non-supervisor),2.0,IDR,4500000.0,6010000.0
2472510,4,334762.0,Marketing Executive,Supervisor/Coordinator,1.0,IDR,3500000.0,4900000.0
2474219,4,333922.0,Marketing Executive,Staff (non-management & non-supervisor),1.0,IDR,4500000.0,6010000.0
2475567,4,336862.0,Marketing Executive,Staff (non-management & non-supervisor),2.0,IDR,2800000.0,5000000.0
2475812,4,237399.0,Marketing Executive,Staff (non-management & non-supervisor),1.0,IDR,5000000.0,7000000.0
2475945,4,337114.0,Marketing Executive,Staff (non-management & non-supervisor),1.0,IDR,4500000.0,6010000.0
2476485,4,337179.0,Marketing Executive,Staff (non-management & non-supervisor),3.0,IDR,4500000.0,6010000.0
2477334,4,336483.0,Marketing Executive,Supervisor/Coordinator,2.0,IDR,4500000.0,6010000.0
2480691,4,340257.0,Marketing Executive,Staff (non-management & non-supervisor),1.0,IDR,4500000.0,6010000.0
2482274,4,340381.0,Marketing Executive,Staff (non-management & non-supervisor),1.0,IDR,4500000.0,6010000.0
2483250,4,100056.0,Marketing Executive,Staff (non-management & non-supervisor),1.0,IDR,4500000.0,6010000.0
2485262,4,340611.0,Marketing Executive,Staff (non-management & non-supervisor),1.0,IDR,4500000.0,6010000.0
2599634,4,140854.0,Marketing Executive,Staff (non-management & non-supervisor),2.0,IDR,4000000.0,6000000.0
2601257,4,352033.0,Marketing Executive,Supervisor/Coordinator,2.0,IDR,6000000.0,10000000.0
2601269,4,166993.0,Marketing Executive,Staff (non-management & non-supervisor),2.0,IDR,4500000.0,6010000.0
2601336,4,352041.0,Marketing Executive,Staff (non-management & non-supervisor),3.0,IDR,4500000.0,6010000.0
2618698,4,10469.0,Marketing Executive,Supervisor/Coordinator,3.0,IDR,4500000.0,6010000.0
2619890,4,353353.0,Marketing Executive,Staff (non-management & non-supervisor),2.0,IDR,4500000.0,6010000.0
2620283,4,353416.0,Marketing Executive,Staff (non-management & non-supervisor),1.0,IDR,4500000.0,6010000.0
2641288,4,340892.0,Marketing Executive,Supervisor/Coordinator,3.0,IDR,4500000.0,6010000.0
2643190,4,351601.0,Marketing Executive,Staff (non-management & non-supervisor),3.0,IDR,4500000.0,6010000.0
2698503,4,11437.0,Marketing Executive,Staff (non-management & non-supervisor),1.0,IDR,4500000.0,8000000.0
2711866,4,320494.0,Marketing Executive,Staff (non-management & non-supervisor),2.0,IDR,4500000.0,6010000.0
2713981,4,361431.0,Marketing Executive,Manager/Assistant Manager,5.0,IDR,10000000.0,11000000.0
2714059,4,361443.0,Marketing Executive,Staff (non-management & non-supervisor),1.0,IDR,4500000.0,6010000.0
2714093,4,17085.0,Marketing Executive,Staff (non-management & non-supervisor),1.0,IDR,4500000.0,6010000.0
2715195,4,38444.0,Marketing Executive,Supervisor/Coordinator,2.0,IDR,4500000.0,6010000.0
2716102,4,22823.0,Marketing Executive,Staff (non-management & non-supervisor),1.0,IDR,5000000.0,10000000.0
2717327,4,362054.0,Marketing Executive,Staff (non-management & non-supervisor),1.0,IDR,4500000.0,6010000.0
2740108,4,9470.0,Marketing Executive,Staff (non-management & non-supervisor),2.0,IDR,8000000.0,10000000.0
2765620,4,366216.0,Marketing Executive,Staff (non-management & non-supervisor),1.0,IDR,5000000.0,7000000.0
2765656,4,195061.0,Marketing Executive,Less than 1 year experience,2.0,IDR,4500000.0,6000000.0
2781670,4,57741.0,Marketing Executive,Staff (non-management & non-supervisor),2.0,IDR,4500000.0,6010000.0
2781849,4,108790.0,Marketing Executive,Staff (non-management & non-supervisor),2.0,IDR,3200000.0,4480000.0
2782252,4,38266.0,Marketing Executive,Staff (non-management & non-supervisor),1.0,IDR,4500000.0,6010000.0
2783479,4,368218.0,Marketing Executive,Staff (non-management & non-supervisor),1.0,IDR,3800000.0,6000000.0
2799392,4,9485.0,Marketing Executive,Staff (non-management & non-supervisor),1.0,IDR,4000000.0,5000000.0
2799524,4,93934.0,Marketing Executive,Staff (non-management & non-supervisor),3.0,IDR,4500000.0,6010000.0
2803294,4,75678.0,Marketing Executive,Staff (non-management & non-supervisor),3.0,IDR,4500000.0,6010000.0
2803911,4,370535.0,Marketing Executive,Staff (non-management & non-supervisor),2.0,IDR,4500000.0,6010000.0
2804617,4,171770.0,Marketing Executive,Staff (non-management & non-supervisor),1.0,IDR,4500000.0,6010000.0
2861319,4,225310.0,Marketing Executive,Staff (non-management & non-supervisor),1.0,IDR,3400000.0,5000000.0
2862377,4,374081.0,Marketing Executive,Staff (non-management & non-supervisor),1.0,IDR,4500000.0,6010000.0
2864818,4,374499.0,Marketing Executive,Staff (non-management & non-supervisor),2.0,IDR,7000000.0,12000000.0
2879045,4,169179.0,Marketing Executive,Staff (non-management & non-supervisor),1.0,IDR,5500000.0,6500000.0
2879538,4,370039.0,Marketing Executive,Staff (non-management & non-supervisor),2.0,IDR,2000000.0,3500000.0
2882123,4,376012.0,Marketing Executive,Staff (non-management & non-supervisor),1.0,IDR,4500000.0,6010000.0
2883623,4,104230.0,Marketing Executive,Staff (non-management & non-supervisor),3.0,IDR,12000000.0,15000000.0
2883697,4,375459.0,Marketing Executive,Staff (non-management & non-supervisor),3.0,IDR,4500000.0,6010000.0
2884129,4,315752.0,Marketing Executive,Staff (non-management & non-supervisor),3.0,IDR,5000000.0,7000000.0
2884557,4,47890.0,Marketing Executive,Supervisor/Coordinator,3.0,IDR,4500000.0,6010000.0
2904472,4,377989.0,Marketing Executive,Staff (non-management & non-supervisor),1.0,IDR,2500000.0,5000000.0
2907939,4,378777.0,Marketing Executive,Staff (non-management & non-supervisor),2.0,IDR,4500000.0,6010000.0
2908198,4,48641.0,Marketing Executive,Supervisor/Coordinator,5.0,IDR,4500000.0,6010000.0
2908398,4,337196.0,Marketing Executive,Staff (non-management & non-supervisor),1.0,IDR,5000000.0,10000000.0
2930954,4,380270.0,Marketing Executive,Staff (non-management & non-supervisor),2.0,IDR,3000000.0,4200000.0
2931202,4,380361.0,Marketing Executive,Staff (non-management & non-supervisor),1.0,IDR,4500000.0,6010000.0
2943172,4,10059.0,Marketing Executive,Staff (non-management & non-supervisor),2.0,IDR,4500000.0,6010000.0
2946189,4,376283.0,Marketing Executive,Staff (non-management & non-supervisor),2.0,IDR,4500000.0,6010000.0
2946519,4,48835.0,Marketing Executive,Supervisor/Coordinator,2.0,IDR,4500000.0,6010000.0
2966080,4,263764.0,Marketing Executive,Manager/Assistant Manager,3.0,IDR,4500000.0,6010000.0
2999235,4,9409.0,Marketing Executive,Staff (non-management & non-supervisor),1.0,IDR,4500000.0,5000000.0
3015851,4,63900.0,Marketing Executive,Supervisor/Coordinator,3.0,IDR,4500000.0,6010000.0
3034991,4,122659.0,Marketing Executive,Staff (non-management & non-supervisor),1.0,IDR,4500000.0,6010000.0
3070543,4,39710.0,Marketing Executive,Staff (non-management & non-supervisor),1.0,IDR,4500000.0,6010000.0
3070660,4,9979.0,Marketing Executive,Supervisor/Coordinator,2.0,IDR,4500000.0,6010000.0
3071225,4,9987.0,Marketing Executive,Staff (non-management & non-supervisor),2.0,IDR,4500000.0,6010000.0
3088723,4,10085.0,Marketing Executive,Staff (non-management & non-supervisor),1.0,IDR,4500000.0,6010000.0
3089005,4,38444.0,Marketing Executive,Supervisor/Coordinator,2.0,IDR,4500000.0,6010000.0
3092857,4,62853.0,Marketing Executive,Staff (non-management & non-supervisor),2.0,IDR,4500000.0,6010000.0
3092940,4,9485.0,Marketing Executive,Staff (non-management & non-supervisor),1.0,IDR,4000000.0,5000000.0
3112010,4,9743.0,Marketing Executive,Supervisor/Coordinator,4.0,IDR,4500000.0,6010000.0
3112117,4,195061.0,Marketing Executive,Less than 1 year experience,2.0,IDR,4500000.0,5500000.0
3112251,4,10447.0,Marketing Executive,Staff (non-management & non-supervisor),2.0,IDR,5000000.0,7000000.0
3112281,4,115432.0,Marketing Executive,Staff (non-management & non-supervisor),5.0,IDR,4500000.0,6010000.0
3129529,4,235166.0,Marketing Executive,Staff (non-management & non-supervisor),2.0,IDR,4500000.0,6010000.0
3129908,4,397888.0,Marketing Executive,Staff (non-management & non-supervisor),2.0,IDR,4000000.0,7000000.0
3130621,4,397936.0,Marketing Executive,Staff (non-management & non-supervisor),1.0,IDR,6000000.0,8400000.0
3144783,4,48641.0,Marketing Executive,Supervisor/Coordinator,5.0,IDR,4500000.0,6010000.0
3145771,4,399184.0,Marketing Executive,Staff (non-management & non-supervisor),3.0,IDR,4500000.0,6010000.0
3147321,4,399469.0,Marketing Executive,Staff (non-management & non-supervisor),1.0,IDR,4500000.0,6010000.0
3163347,4,140823.0,Marketing Executive,Less than 1 year experience,1.0,IDR,4500000.0,6010000.0
3164381,4,38581.0,Marketing Executive,Supervisor/Coordinator,3.0,IDR,5500000.0,7500000.0
3165750,4,167296.0,Marketing Executive,Staff (non-management & non-supervisor),2.0,IDR,4500000.0,6010000.0
3169787,4,401506.0,Marketing Executive,Staff (non-management & non-supervisor),3.0,IDR,6000000.0,7000000.0
3187787,4,115900.0,Marketing Executive,Staff (non-management & non-supervisor),1.0,IDR,2500000.0,3500000.0
3206794,4,321386.0,Marketing Executive,Staff (non-management & non-supervisor),2.0,IDR,4500000.0,6010000.0
3208260,4,39750.0,Marketing Executive,Less than 1 year experience,2.0,IDR,4900000.0,8000000.0
3227104,4,405413.0,Marketing Executive,Less than 1 year experience,2.0,IDR,4500000.0,6010000.0
3227597,4,405476.0,Marketing Executive,Staff (non-management & non-supervisor),1.0,IDR,3000000.0,5000000.0
3229232,4,405779.0,Marketing Executive,Staff (non-management & non-supervisor),3.0,IDR,4500000.0,6010000.0
3253913,4,408073.0,Marketing Executive,Staff (non-management & non-supervisor),1.0,IDR,4500000.0,6010000.0
3254079,4,191782.0,Marketing Executive,Supervisor/Coordinator,2.0,IDR,3000000.0,4000000.0
3254193,4,9489.0,Marketing Executive,Staff (non-management & non-supervisor),1.0,IDR,4500000.0,6010000.0
3285100,4,410066.0,Marketing Executive,Staff (non-management & non-supervisor),2.0,IDR,2400000.0,4700000.0
3298116,4,366216.0,Marketing Executive,Staff (non-management & non-supervisor),1.0,IDR,5000000.0,7000000.0
3298722,4,411709.0,Marketing Executive,Staff (non-management & non-supervisor),2.0,IDR,8000000.0,15000000.0
3298848,4,410933.0,Marketing Executive,Staff (non-management & non-supervisor),2.0,IDR,4500000.0,6010000.0
3299455,4,411754.0,Marketing Executive,Supervisor/Coordinator,2.0,IDR,4500000.0,6010000.0
3299716,4,411767.0,Marketing Executive,Staff (non-management & non-supervisor),2.0,IDR,4500000.0,6010000.0
3299923,4,292335.0,Marketing Executive,Supervisor/Coordinator,2.0,IDR,5000000.0,7000000.0
3320050,4,410887.0,Marketing Executive,Staff (non-management & non-supervisor),3.0,IDR,7000000.0,8000000.0
3320278,4,412911.0,Marketing Executive,Staff (non-management & non-supervisor),2.0,IDR,4500000.0,6010000.0
3320318,4,94764.0,Marketing Executive,Staff (non-management & non-supervisor),1.0,IDR,10000000.0,14000000.0
3340107,4,200554.0,Marketing Executive,Staff (non-management & non-supervisor),1.0,IDR,4500000.0,6010000.0
3340363,4,414248.0,Marketing Executive,Staff (non-management & non-supervisor),2.0,IDR,3000000.0,4500000.0
3340738,4,217564.0,Marketing Executive,Staff (non-management & non-supervisor),1.0,IDR,4500000.0,6010000.0
3341230,4,414336.0,Marketing Executive,Staff (non-management & non-supervisor),1.0,IDR,5500000.0,7000000.0
3355777,4,10059.0,Marketing Executive,Staff (non-management & non-supervisor),2.0,IDR,4500000.0,6010000.0
3356308,4,37836.0,Marketing Executive,Staff (non-management & non-supervisor),2.0,IDR,4500000.0,6010000.0
3357009,4,397953.0,Marketing Executive,Staff (non-management & non-supervisor),1.0,IDR,4500000.0,6010000.0
3357048,4,217460.0,Marketing Executive,Staff (non-management & non-supervisor),3.0,IDR,4500000.0,6010000.0
3357154,4,9147.0,Marketing Executive,Staff (non-management & non-supervisor),3.0,IDR,4500000.0,6010000.0
3357625,4,10127.0,Marketing Executive,Less than 1 year experience,2.0,IDR,2000000.0,4000000.0
3360015,4,223040.0,Marketing Executive,Staff (non-management & non-supervisor),1.0,IDR,3500000.0,5000000.0
3376284,4,48641.0,Marketing Executive,Supervisor/Coordinator,5.0,IDR,4500000.0,6010000.0
3376727,4,48995.0,Marketing Executive,Staff (non-management & non-supervisor),2.0,IDR,4500000.0,6010000.0
3376731,4,38823.0,Marketing Executive,Staff (non-management & non-supervisor),1.0,IDR,4500000.0,6010000.0
3377821,4,248999.0,Marketing Executive,Staff (non-management & non-supervisor),1.0,IDR,4500000.0,6010000.0
3378117,4,412777.0,Marketing Executive,Supervisor/Coordinator,2.0,IDR,4500000.0,6010000.0
3380868,4,417563.0,Marketing Executive,Less than 1 year experience,1.0,IDR,4500000.0,6010000.0
3416175,4,9147.0,Marketing Executive,Staff (non-management & non-supervisor),3.0,IDR,4500000.0,6010000.0
3416355,4,10085.0,Marketing Executive,Staff (non-management & non-supervisor),1.0,IDR,4500000.0,6010000.0
3416445,4,113470.0,Marketing Executive,Staff (non-management & non-supervisor),2.0,IDR,4000000.0,4500000.0
3416630,4,38881.0,Marketing Executive,Staff (non-management & non-supervisor),1.0,IDR,4000000.0,6000000.0
3416930,4,72022.0,Marketing Executive,Manager/Assistant Manager,3.0,IDR,4500000.0,6010000.0
3459685,4,386278.0,Marketing Executive,Staff (non-management & non-supervisor),2.0,IDR,6000000.0,12000000.0
3460689,4,423193.0,Marketing Executive,Staff (non-management & non-supervisor),1.0,IDR,4500000.0,6010000.0
3461312,4,38779.0,Marketing Executive,Staff (non-management & non-supervisor),1.0,IDR,4500000.0,6010000.0
3461883,4,38444.0,Marketing Executive,Supervisor/Coordinator,2.0,IDR,4500000.0,6010000.0
3463069,4,227463.0,Marketing Executive,Supervisor/Coordinator,2.0,IDR,4500000.0,6010000.0
3465162,4,408237.0,Marketing Executive,Staff (non-management & non-supervisor),5.0,IDR,4500000.0,6010000.0
3465962,4,374436.0,Marketing Executive,Supervisor/Coordinator,3.0,IDR,4500000.0,6010000.0
3466038,4,48641.0,Marketing Executive,Supervisor/Coordinator,5.0,IDR,4500000.0,6010000.0
3467005,4,39208.0,Marketing Executive,Staff (non-management & non-supervisor),1.0,IDR,4500000.0,6010000.0
3470087,4,241652.0,Marketing Executive,Staff (non-management & non-supervisor),1.0,IDR,4900000.0,5500000.0
3470334,4,197615.0,Marketing Executive,Staff (non-management & non-supervisor),1.0,IDR,4500000.0,6010000.0
3470447,4,252107.0,Marketing Executive,Less than 1 year experience,2.0,IDR,4500000.0,6010000.0
3471228,4,9979.0,Marketing Executive,Supervisor/Coordinator,2.0,IDR,4500000.0,6010000.0
3474210,4,425494.0,Marketing Executive,Staff (non-management & non-supervisor),1.0,IDR,4500000.0,6010000.0
3474730,4,405476.0,Marketing Executive,Staff (non-management & non-supervisor),1.0,IDR,3000000.0,6000000.0
3475044,4,49295.0,Marketing Executive,Staff (non-management & non-supervisor),2.0,IDR,4500000.0,6010000.0
3477986,4,140046.0,Marketing Executive,Staff (non-management & non-supervisor),1.0,IDR,4500000.0,5500000.0
3479287,4,426403.0,Marketing Executive,Supervisor/Coordinator,2.0,IDR,4500000.0,6010000.0
3493189,4,101193.0,Marketing Executive,Staff (non-management & non-supervisor),3.0,IDR,4500000.0,5500000.0
3493756,4,39400.0,Marketing Executive,Staff (non-management & non-supervisor),1.0,IDR,4500000.0,6010000.0
3497126,4,320494.0,Marketing Executive,Staff (non-management & non-supervisor),2.0,IDR,4500000.0,6010000.0
3497823,4,428123.0,Marketing Executive,Staff (non-management & non-supervisor),2.0,IDR,4500000.0,6010000.0
3500996,4,428364.0,Marketing Executive,Supervisor/Coordinator,3.0,IDR,5500000.0,7000000.0
3502343,4,254001.0,Marketing Executive,Less than 1 year experience,1.0,IDR,4500000.0,6010000.0
3503119,4,38601.0,Marketing Executive,Staff (non-management & non-supervisor),3.0,IDR,4500000.0,6010000.0
3505868,4,424602.0,Marketing Executive,Staff (non-management & non-supervisor),1.0,IDR,4500000.0,6010000.0
3506480,4,225310.0,Marketing Executive,Staff (non-management & non-supervisor),1.0,IDR,3400000.0,5500000.0
3508238,4,125428.0,Marketing Executive,Staff (non-management & non-supervisor),2.0,IDR,4500000.0,6010000.0
3735048,4,9083.0,Marketing Executive,Staff (non-management & non-supervisor),1.0,IDR,4500000.0,6010000.0
3754177,4,406204.0,Marketing Executive,Staff (non-management & non-supervisor),1.0,IDR,4500000.0,6010000.0
3754258,4,446483.0,Marketing Executive,Staff (non-management & non-supervisor),2.0,IDR,4500000.0,6010000.0
3754343,4,446512.0,Marketing Executive,Staff (non-management & non-supervisor),2.0,IDR,4500000.0,6010000.0
3754488,4,446513.0,Marketing Executive,Staff (non-management & non-supervisor),1.0,IDR,4500000.0,6010000.0
3755564,4,57463.0,Marketing Executive,Staff (non-management & non-supervisor),1.0,IDR,4500000.0,6010000.0
3756095,4,38531.0,Marketing Executive,Staff (non-management & non-supervisor),2.0,IDR,4500000.0,6010000.0
3756773,4,140823.0,Marketing Executive,Less than 1 year experience,1.0,IDR,4500000.0,6010000.0
3771589,4,235544.0,Marketing Executive,Staff (non-management & non-supervisor),2.0,IDR,5000000.0,6000000.0
3771781,4,447582.0,Marketing Executive,Staff (non-management & non-supervisor),1.0,IDR,2000000.0,2800000.0
3775858,4,168797.0,Marketing Executive,Staff (non-management & non-supervisor),1.0,IDR,4500000.0,6010000.0
3779207,4,38078.0,Marketing Executive,Staff (non-management & non-supervisor),2.0,IDR,10000000.0,15000000.0
3797133,4,410933.0,Marketing Executive,Staff (non-management & non-supervisor),2.0,IDR,4500000.0,6010000.0
3800806,4,73993.0,Marketing Executive,Supervisor/Coordinator,3.0,IDR,5000000.0,7000000.0
3828503,4,197615.0,Marketing Executive,Staff (non-management & non-supervisor),1.0,IDR,4500000.0,6010000.0
3831491,4,421404.0,Marketing Executive,Supervisor/Coordinator,3.0,IDR,5000000.0,8000000.0
3832027,4,452174.0,Marketing Executive,Staff (non-management & non-supervisor),1.0,IDR,4500000.0,6010000.0
3832276,4,149061.0,Marketing Executive,Supervisor/Coordinator,1.0,IDR,4500000.0,6010000.0
3832875,4,452239.0,Marketing Executive,Staff (non-management & non-supervisor),2.0,IDR,4500000.0,6010000.0
3832969,4,397936.0,Marketing Executive,Staff (non-management & non-supervisor),1.0,IDR,7500000.0,10000000.0
3833057,4,23032.0,Marketing Executive,Supervisor/Coordinator,1.0,IDR,5500000.0,8000000.0
3857209,4,69858.0,Marketing Executive,Staff (non-management & non-supervisor),2.0,IDR,4500000.0,6010000.0
3875359,4,228925.0,Marketing Executive,Staff (non-management & non-supervisor),1.0,IDR,4500000.0,6010000.0
3886252,4,20220.0,Marketing Executive,Supervisor/Coordinator,2.0,IDR,4500000.0,6010000.0
3886383,4,10059.0,Marketing Executive,Staff (non-management & non-supervisor),2.0,IDR,4500000.0,6010000.0
3886436,4,455705.0,Marketing Executive,Supervisor/Coordinator,5.0,IDR,4500000.0,6010000.0
3886598,4,66822.0,Marketing Executive,Staff (non-management & non-supervisor),1.0,IDR,4500000.0,6010000.0
3888723,4,397953.0,Marketing Executive,Staff (non-management & non-supervisor),1.0,IDR,4500000.0,6010000.0
3888953,4,9409.0,Marketing Executive,Staff (non-management & non-supervisor),1.0,IDR,4500000.0,5000000.0
3889644,4,412911.0,Marketing Executive,Staff (non-management & non-supervisor),2.0,IDR,4500000.0,6010000.0
3890301,4,337196.0,Marketing Executive,Staff (non-management & non-supervisor),3.0,IDR,5000000.0,8000000.0
3906671,4,370535.0,Marketing Executive,Staff (non-management & non-supervisor),2.0,IDR,4500000.0,6010000.0
3911645,4,266287.0,Marketing Executive,Staff (non-management & non-supervisor),2.0,IDR,4500000.0,6010000.0
3912817,4,366216.0,Marketing Executive,Staff (non-management & non-supervisor),2.0,IDR,6000000.0,10000000.0
3933866,4,370470.0,Marketing Executive,Staff (non-management & non-supervisor),1.0,IDR,4901800.0,5000000.0
3963197,4,423196.0,Marketing Executive,Staff (non-management & non-supervisor),1.0,IDR,4500000.0,6010000.0
3964126,4,461160.0,Marketing Executive,Less than 1 year experience,2.0,IDR,4500000.0,6010000.0
3968888,4,115429.0,Marketing Executive,Staff (non-management & non-supervisor),1.0,IDR,4500000.0,6010000.0
3989846,4,100356.0,Marketing Executive,Staff (non-management & non-supervisor),1.0,IDR,6000000.0,10000000.0
4009435,4,10127.0,Marketing Executive,Less than 1 year experience,2.0,IDR,2000000.0,4000000.0
4017961,4,188806.0,Marketing Executive,Supervisor/Coordinator,5.0,IDR,4500000.0,6010000.0
4021937,4,453639.0,Marketing Executive,Staff (non-management & non-supervisor),1.0,IDR,3000000.0,6000000.0
4022189,4,10934.0,Marketing Executive,Staff (non-management & non-supervisor),2.0,IDR,4500000.0,6010000.0
4022999,4,9902.0,Marketing Executive,Staff (non-management & non-supervisor),2.0,IDR,4500000.0,6010000.0
4024456,4,38444.0,Marketing Executive,Supervisor/Coordinator,2.0,IDR,4500000.0,6010000.0
4024495,4,38444.0,Marketing Executive,Supervisor/Coordinator,2.0,IDR,4500000.0,6010000.0
4033158,4,240483.0,Marketing Executive,Less than 1 year experience,2.0,IDR,4500000.0,6300000.0
4036971,4,197615.0,Marketing Executive,Staff (non-management & non-supervisor),1.0,IDR,4500000.0,6010000.0
4038139,4,110940.0,Marketing Executive,Staff (non-management & non-supervisor),2.0,IDR,4500000.0,6010000.0
4039981,4,144614.0,Marketing Executive,Staff (non-management & non-supervisor),3.0,IDR,7000000.0,12000000.0
4053511,4,467982.0,Marketing Executive,Staff (non-management & non-supervisor),5.0,IDR,5000000.0,6800000.0
4057707,4,296358.0,Marketing Executive,Staff (non-management & non-supervisor),2.0,IDR,4500000.0,6010000.0
4057848,4,235834.0,Marketing Executive,Staff (non-management & non-supervisor),1.0,IDR,3500000.0,4900000.0
4066920,4,468997.0,Marketing Executive,Supervisor/Coordinator,1.0,IDR,4500000.0,6010000.0
4068010,4,232610.0,Marketing Executive,Supervisor/Coordinator,3.0,IDR,3500000.0,5000000.0
4068400,4,448443.0,Marketing Executive,Staff (non-management & non-supervisor),1.0,IDR,4500000.0,6010000.0
4068623,4,9470.0,Marketing Executive,Staff (non-management & non-supervisor),1.0,IDR,4500000.0,6010000.0
4069647,4,189488.0,Marketing Executive,Staff (non-management & non-supervisor),2.0,IDR,4500000.0,6010000.0
4077414,4,94397.0,Marketing Executive,Staff (non-management & non-supervisor),2.0,IDR,4500000.0,6010000.0
4077524,4,367592.0,Marketing Executive,Staff (non-management & non-supervisor),2.0,IDR,2000000.0,4000000.0
4081103,4,470225.0,Marketing Executive,Staff (non-management & non-supervisor),2.0,IDR,2100000.0,2300000.0
4082120,4,39205.0,Marketing Executive,Supervisor/Coordinator,2.0,IDR,4500000.0,6010000.0
4082282,4,20016.0,Marketing Executive,Manager/Assistant Manager,1.0,IDR,5000000.0,7000000.0
4083516,4,428593.0,Marketing Executive,Supervisor/Coordinator,2.0,IDR,6000000.0,8000000.0
4084555,4,183936.0,Marketing Executive,Manager/Assistant Manager,3.0,IDR,10000000.0,12000000.0
4101372,4,38819.0,Marketing Executive,Supervisor/Coordinator,1.0,IDR,4500000.0,6010000.0
4102141,4,39208.0,Marketing Executive,Staff (non-management & non-supervisor),1.0,IDR,4500000.0,6010000.0
4102407,4,471804.0,Marketing Executive,Staff (non-management & non-supervisor),1.0,IDR,4500000.0,6010000.0
4105701,4,471931.0,Marketing Executive,Staff (non-management & non-supervisor),2.0,IDR,4500000.0,6010000.0
4117392,4,468021.0,Marketing Executive,Staff (non-management & non-supervisor),2.0,IDR,4500000.0,6010000.0
4126883,4,183204.0,Marketing Executive,Staff (non-management & non-supervisor),2.0,IDR,3000000.0,3500000.0
4141984,4,410933.0,Marketing Executive,Staff (non-management & non-supervisor),2.0,IDR,4500000.0,6010000.0
4147706,4,10085.0,Marketing Executive,Staff (non-management & non-supervisor),1.0,IDR,4500000.0,6010000.0
4148499,4,195061.0,Marketing Executive,Less than 1 year experience,2.0,IDR,4000000.0,5500000.0
4173411,4,477460.0,Marketing Executive,Staff (non-management & non-supervisor),2.0,IDR,4000000.0,6000000.0
4174203,4,38531.0,Marketing Executive,Staff (non-management & non-supervisor),2.0,IDR,4500000.0,6010000.0
4174507,4,38748.0,Marketing Executive,Staff (non-management & non-supervisor),2.0,IDR,3500000.0,4000000.0
4174954,4,370535.0,Marketing Executive,Staff (non-management & non-supervisor),2.0,IDR,4500000.0,6010000.0
4177105,4,62853.0,Marketing Executive,Staff (non-management & non-supervisor),2.0,IDR,4500000.0,6010000.0
4189780,4,57463.0,Marketing Executive,Staff (non-management & non-supervisor),2.0,IDR,4500000.0,6010000.0
4189814,4,478789.0,Marketing Executive,Supervisor/Coordinator,3.0,IDR,8000000.0,10000000.0
4204601,4,115432.0,Marketing Executive,Staff (non-management & non-supervisor),5.0,IDR,4500000.0,6010000.0
4205021,4,479894.0,Marketing Executive,Staff (non-management & non-supervisor),3.0,IDR,4500000.0,6010000.0
4217385,4,252718.0,Marketing Executive,Manager/Assistant Manager,5.0,IDR,7500000.0,10500000.0
4220795,4,197615.0,Marketing Executive,Staff (non-management & non-supervisor),1.0,IDR,4500000.0,6010000.0
4225598,4,423193.0,Marketing Executive,Staff (non-management & non-supervisor),3.0,IDR,4500000.0,6010000.0
4228282,4,38266.0,Marketing Executive,Staff (non-management & non-supervisor),1.0,IDR,4500000.0,6010000.0
4228293,4,149634.0,Marketing Executive,Staff (non-management & non-supervisor),1.0,IDR,4500000.0,6010000.0
4228418,4,151104.0,Marketing Executive,Staff (non-management & non-supervisor),1.0,IDR,4500000.0,6010000.0
4234214,4,116113.0,Marketing Executive,Staff (non-management & non-supervisor),1.0,IDR,4500000.0,6010000.0
4234276,4,355149.0,Marketing Executive,Staff (non-management & non-supervisor),1.0,IDR,4500000.0,6010000.0
4237114,4,140823.0,Marketing Executive,Less than 1 year experience,1.0,IDR,4500000.0,6010000.0
